{"cameraMode":{"drawMode":0,"name":"Shaded","section":"Shading Mode"},"sceneLighting":false,"audioPlay":false,"sceneViewState":{"m_AlwaysRefresh":false,"showFog":false,"showSkybox":false,"showFlares":false,"showImageEffects":false,"showParticleSystems":false,"showVisualEffectGraphs":true,"m_FxEnabled":true},"in2DMode":false,"pivot":{"x":-0.786088764667511,"y":0.49037835001945498,"z":-0.41133660078048708},"rotation":{"x":-0.0071009015664458279,"y":0.9905523061752319,"z":-0.12876318395137788,"w":-0.04997798055410385},"size":4.507942199707031,"orthographic":false}